Workbook

Sheet Raw Data
A1: Shipment_ID | B1: Order_Date | C1: Dispatch_Date | D1: Delivery_Date | E1: Source_City | F1: Destination_City | G1: Route | H1: Distance_km | I1: Vehicle_Type | J1: Vehicle_Age | K1: Fuel_Cost | L1: Maintenance_Score | M1: Driver_ID | N1: Driver_Experience_Years | O1: Driver_Rating | P1: Weather_Condition | Q1: Traffic_Level | R1: Road_Condition | S1: Estimated_Delivery_Days | T1: Actual_Delivery_Days | U1: Delay_Days | V1: Delivery_Status | W1: Customer_Type | X1: Product_Category | Y1: Shipment_Priority | Z1: Customer_Rating
A2: SHP1001 | B2: 46104 | C2: 46104 | D2: 46107 | E2: Delhi | F2: Mumbai | G2: Delhi-Mumbai | H2: 1718 | I2: Container | J2: 4 | K2: 12026 | L2: 6 | M2: D148 | N2: 2 | O2: 4.4 | P2: Sunny | Q2: High | R2: Average | S2: 3 | T2: 3 | U2: 0 | V2: On Time | W2: Corporate | X2: Furniture | Y2: Low | Z2: 4
A3: SHP1002 | B3: 46026 | C3: 46028 | D3: 46032 | E3: Chennai | F3: Bangalore | G3: Chennai-Bangalore | H3: 1666 | I3: Van | J3: 4 | K3: 14994 | L3: 9 | M3: D118 | N3: 13 | O3: 4.7 | P3: Rainy | Q3: High | R3: Average | S3: 3 | T3: 4 | U3: 1 | V3: Delayed | W3: Corporate | X3: Clothing | Y3: Low | Z3: 3.2
A4: SHP1003 | B4: 46035 | C4: 46036 | D4: 46041 | E4: Ahmedabad | F4: Jaipur | G4: Ahmedabad-Jaipur | H4: 1436 | I4: Container | J4: 1 | K4: 15796 | L4: 8 | M4: D135 | N4: 2 | O4: 4.9 | P4: Storm | Q4: Low | R4: Poor | S4: 3 | T4: 5 | U4: 2 | V4: Delayed | W4: Wholesale | X4: Furniture | Y4: High | Z4: 3.1
A5: SHP1004 | B5: 46107 | C5: 46107 | D5: 46109 | E5: Kolkata | F5: Patna | G5: Kolkata-Patna | H5: 363 | I5: Mini Truck | J5: 2 | K5: 3267 | L5: 7 | M5: D130 | N5: 11 | O5: 4.7 | P5: Rainy | Q5: Medium | R5: Average | S5: 1 | T5: 2 | U5: 1 | V5: Delayed | W5: Wholesale | X5: Electronics | Y5: High | Z5: 4.3
A6: SHP1005 | B6: 46091 | C6: 46093 | D6: 46095 | E6: Chennai | F6: Bangalore | G6: Chennai-Bangalore | H6: 534 | I6: Van | J6: 7 | K6: 4272 | L6: 10 | M6: D145 | N6: 9 | O6: 3.4 | P6: Fog | Q6: Low | R6: Good | S6: 1 | T6: 2 | U6: 1 | V6: Delayed | W6: Retail | X6: Clothing | Y6: Low | Z6: 3.4
A7: SHP1006 | B7: 46143 | C7: 46145 | D7: 46149 | E7: Ahmedabad | F7: Jaipur | G7: Ahmedabad-Jaipur | H7: 635 | I7: Van | J7: 7 | K7: 6985 | L7: 8 | M7: D110 | N7: 5 | O7: 3.3 | P7: Fog | Q7: High | R7: Poor | S7: 1 | T7: 4 | U7: 3 | V7: Delayed | W7: Retail | X7: Furniture | Y7: Low | Z7: 4
A8: SHP1007 | B8: 46034 | C8: 46034 | D8: 46035 | E8: Bhopal | F8: Pune | G8: Bhopal-Pune | H8: 513 | I8: Mini Truck | J8: 7 | K8: 5130 | L8: 5 | M8: D125 | N8: 7 | O8: 4.2 | P8: Storm | Q8: High | R8: Average | S8: 1 | T8: 1 | U8: 0 | V8: On Time | W8: Wholesale | X8: Machinery | Y8: Medium | Z8: 4.5
A9: SHP1008 | B9: 46066 | C9: 46066 | D9: 46072 | E9: Kolkata | F9: Patna | G9: Kolkata-Patna | H9: 1090 | I9: Mini Truck | J9: 8 | K9: 6540 | L9: 10 | M9: D147 | N9: 5 | O9: 4.9 | P9: Rainy | Q9: High | R9: Good | S9: 2 | T9: 6 | U9: 4 | V9: Delayed | W9: Wholesale | X9: Furniture | Y9: Low | Z9: 3.7
A10: SHP1009 | B10: 46043 | C10: 46045 | D10: 46050 | E10: Delhi | F10: Mumbai | G10: Delhi-Mumbai | H10: 1426 | I10: Container | J10: 8 | K10: 8556 | L10: 5 | M10: D124 | N10: 15 | O10: 5 | P10: Fog | Q10: Low | R10: Good | S10: 3 | T10: 5 | U10: 2 | V10: Delayed | W10: Corporate | X10: Electronics | Y10: High | Z10: 4
A11: SHP1010 | B11: 46031 | C11: 46033 | D11: 46036 | E11: Indore | F11: Hyderabad | G11: Indore-Hyderabad | H11: 462 | I11: Van | J11: 9 | K11: 3234 | L11: 7 | M11: D134 | N11: 14 | O11: 4.2 | P11: Rainy | Q11: High | R11: Poor | S11: 1 | T11: 3 | U11: 2 | V11: Delayed | W11: Retail | X11: Clothing | Y11: Medium | Z11: 4.8
A12: SHP1011 | B12: 46080 | C12: 46080 | D12: 46083 | E12: Chennai | F12: Bangalore | G12: Chennai-Bangalore | H12: 660 | I12: Truck | J12: 6 | K12: 3960 | L12: 9 | M12: D136 | N12: 4 | O12: 4.2 | P12: Sunny | Q12: Low | R12: Poor | S12: 1 | T12: 3 | U12: 2 | V12: Delayed | W12: Corporate | X12: Furniture | Y12: Low | Z12: 4.8
A13: SHP1012 | B13: 46133 | C13: 46134 | D13: 46136 | E13: Bhopal | F13: Pune | G13: Bhopal-Pune | H13: 1252 | I13: Mini Truck | J13: 5 | K13: 13772 | L13: 8 | M13: D114 | N13: 9 | O13: 3.3 | P13: Storm | Q13: Low | R13: Average | S13: 2 | T13: 2 | U13: 0 | V13: On Time | W13: Corporate | X13: Electronics | Y13: High | Z13: 3.9
... A501: SHP1500 | B501: 46123 | C501: 46124 | D501: 46127 | E501: Chennai | F501: Bangalore | G501: Chennai-Bangalore | H501: 401 | I501: Truck | J501: 2 | K501: 3208 | L501: 5 | M501: D135 | N501: 4 | O501: 3.7 | P501: Fog | Q501: Medium | R501: Average | S501: 1 | T501: 3 | U501: 2 | V501: Delayed | W501: Corporate | X501: Machinery | Y501: Low | Z501: 5

Sheet Cleaned Data
A1: Shipment_ID | B1: Order_Date | C1: Dispatch_Date | D1: Delivery_Date | E1: Source_City | F1: Destination_City | G1: Route | H1: Distance_km | I1: Vehicle_Type | J1: Vehicle_Age | K1: Fuel_Cost | L1: Maintenance_Score | M1: Driver_ID | N1: Driver_Experience_Years | O1: Driver_Rating | P1: Weather_Condition | Q1: Traffic_Level | R1: Road_Condition | S1: Estimated_Delivery_Days | T1: Actual_Delivery_Days | U1: Delay_Days | V1: Delivery_Status | W1: Customer_Type | X1: Product_Category | Y1: Shipment_Priority | Z1: Customer_Rating | AA1: Fuel_Cost_Per_Km | AB1: Delay_Days | AC1: Delivery_Performance
A2: SHP1001 | B2: 46104 | C2: 46104 | D2: 46107 | E2: Delhi | F2: Mumbai | G2: Delhi-Mumbai | H2: 1718 | I2: Container | J2: 4 | K2: 12026 | L2: 6 | M2: D148 | N2: 2 | O2: 4.4 | P2: Sunny | Q2: High | R2: Average | S2: 3 | T2: 3 | U2: 0 | V2: On Time | W2: Corporate | X2: Furniture | Y2: Low | Z2: 4 | AA2: =(K2/H2) -> 7 | AB2: =IF(U2>0,"Yes","No") -> No | AC2: =IF(U2=0,"Efficient","Needs Improvement") -> Efficient
A3: SHP1002 | B3: 46026 | C3: 46028 | D3: 46032 | E3: Chennai | F3: Bangalore | G3: Chennai-Bangalore | H3: 1666 | I3: Van | J3: 4 | K3: 14994 | L3: 9 | M3: D118 | N3: 13 | O3: 4.7 | P3: Rainy | Q3: High | R3: Average | S3: 3 | T3: 4 | U3: 1 | V3: Delayed | W3: Corporate | X3: Clothing | Y3: Low | Z3: 3.2 | AA3: =(K3/H3) -> 9 | AB3: =IF(U3>0,"Yes","No") -> Yes | AC3: =IF(U3=0,"Efficient","Needs Improvement") -> Needs Improvement
A4: SHP1003 | B4: 46035 | C4: 46036 | D4: 46041 | E4: Ahmedabad | F4: Jaipur | G4: Ahmedabad-Jaipur | H4: 1436 | I4: Container | J4: 1 | K4: 15796 | L4: 8 | M4: D135 | N4: 2 | O4: 4.9 | P4: Storm | Q4: Low | R4: Poor | S4: 3 | T4: 5 | U4: 2 | V4: Delayed | W4: Wholesale | X4: Furniture | Y4: High | Z4: 3.1 | AA4: =(K4/H4) -> 11 | AB4: =IF(U4>0,"Yes","No") -> Yes | AC4: =IF(U4=0,"Efficient","Needs Improvement") -> Needs Improvement
A5: SHP1004 | B5: 46107 | C5: 46107 | D5: 46109 | E5: Kolkata | F5: Patna | G5: Kolkata-Patna | H5: 363 | I5: Mini Truck | J5: 2 | K5: 3267 | L5: 7 | M5: D130 | N5: 11 | O5: 4.7 | P5: Rainy | Q5: Medium | R5: Average | S5: 1 | T5: 2 | U5: 1 | V5: Delayed | W5: Wholesale | X5: Electronics | Y5: High | Z5: 4.3 | AA5: =(K5/H5) -> 9 | AB5: =IF(U5>0,"Yes","No") -> Yes | AC5: =IF(U5=0,"Efficient","Needs Improvement") -> Needs Improvement
A6: SHP1005 | B6: 46091 | C6: 46093 | D6: 46095 | E6: Chennai | F6: Bangalore | G6: Chennai-Bangalore | H6: 534 | I6: Van | J6: 7 | K6: 4272 | L6: 10 | M6: D145 | N6: 9 | O6: 3.4 | P6: Fog | Q6: Low | R6: Good | S6: 1 | T6: 2 | U6: 1 | V6: Delayed | W6: Retail | X6: Clothing | Y6: Low | Z6: 3.4 | AA6: =(K6/H6) -> 8 | AB6: =IF(U6>0,"Yes","No") -> Yes | AC6: =IF(U6=0,"Efficient","Needs Improvement") -> Needs Improvement
A7: SHP1006 | B7: 46143 | C7: 46145 | D7: 46149 | E7: Ahmedabad | F7: Jaipur | G7: Ahmedabad-Jaipur | H7: 635 | I7: Van | J7: 7 | K7: 6985 | L7: 8 | M7: D110 | N7: 5 | O7: 3.3 | P7: Fog | Q7: High | R7: Poor | S7: 1 | T7: 4 | U7: 3 | V7: Delayed | W7: Retail | X7: Furniture | Y7: Low | Z7: 4 | AA7: =(K7/H7) -> 11 | AB7: =IF(U7>0,"Yes","No") -> Yes | AC7: =IF(U7=0,"Efficient","Needs Improvement") -> Needs Improvement
A8: SHP1007 | B8: 46034 | C8: 46034 | D8: 46035 | E8: Bhopal | F8: Pune | G8: Bhopal-Pune | H8: 513 | I8: Mini Truck | J8: 7 | K8: 5130 | L8: 5 | M8: D125 | N8: 7 | O8: 4.2 | P8: Storm | Q8: High | R8: Average | S8: 1 | T8: 1 | U8: 0 | V8: On Time | W8: Wholesale | X8: Machinery | Y8: Medium | Z8: 4.5 | AA8: =(K8/H8) -> 10 | AB8: =IF(U8>0,"Yes","No") -> No | AC8: =IF(U8=0,"Efficient","Needs Improvement") -> Efficient
A9: SHP1008 | B9: 46066 | C9: 46066 | D9: 46072 | E9: Kolkata | F9: Patna | G9: Kolkata-Patna | H9: 1090 | I9: Mini Truck | J9: 8 | K9: 6540 | L9: 10 | M9: D147 | N9: 5 | O9: 4.9 | P9: Rainy | Q9: High | R9: Good | S9: 2 | T9: 6 | U9: 4 | V9: Delayed | W9: Wholesale | X9: Furniture | Y9: Low | Z9: 3.7 | AA9: =(K9/H9) -> 6 | AB9: =IF(U9>0,"Yes","No") -> Yes | AC9: =IF(U9=0,"Efficient","Needs Improvement") -> Needs Improvement
A10: SHP1009 | B10: 46043 | C10: 46045 | D10: 46050 | E10: Delhi | F10: Mumbai | G10: Delhi-Mumbai | H10: 1426 | I10: Container | J10: 8 | K10: 8556 | L10: 5 | M10: D124 | N10: 15 | O10: 5 | P10: Fog | Q10: Low | R10: Good | S10: 3 | T10: 5 | U10: 2 | V10: Delayed | W10: Corporate | X10: Electronics | Y10: High | Z10: 4 | AA10: =(K10/H10) -> 6 | AB10: =IF(U10>0,"Yes","No") -> Yes | AC10: =IF(U10=0,"Efficient","Needs Improvement") -> Needs Improvement
A11: SHP1010 | B11: 46031 | C11: 46033 | D11: 46036 | E11: Indore | F11: Hyderabad | G11: Indore-Hyderabad | H11: 462 | I11: Van | J11: 9 | K11: 3234 | L11: 7 | M11: D134 | N11: 14 | O11: 4.2 | P11: Rainy | Q11: High | R11: Poor | S11: 1 | T11: 3 | U11: 2 | V11: Delayed | W11: Retail | X11: Clothing | Y11: Medium | Z11: 4.8 | AA11: =(K11/H11) -> 7 | AB11: =IF(U11>0,"Yes","No") -> Yes | AC11: =IF(U11=0,"Efficient","Needs Improvement") -> Needs Improvement
A12: SHP1011 | B12: 46080 | C12: 46080 | D12: 46083 | E12: Chennai | F12: Bangalore | G12: Chennai-Bangalore | H12: 660 | I12: Truck | J12: 6 | K12: 3960 | L12: 9 | M12: D136 | N12: 4 | O12: 4.2 | P12: Sunny | Q12: Low | R12: Poor | S12: 1 | T12: 3 | U12: 2 | V12: Delayed | W12: Corporate | X12: Furniture | Y12: Low | Z12: 4.8 | AA12: =(K12/H12) -> 6 | AB12: =IF(U12>0,"Yes","No") -> Yes | AC12: =IF(U12=0,"Efficient","Needs Improvement") -> Needs Improvement
A13: SHP1012 | B13: 46133 | C13: 46134 | D13: 46136 | E13: Bhopal | F13: Pune | G13: Bhopal-Pune | H13: 1252 | I13: Mini Truck | J13: 5 | K13: 13772 | L13: 8 | M13: D114 | N13: 9 | O13: 3.3 | P13: Storm | Q13: Low | R13: Average | S13: 2 | T13: 2 | U13: 0 | V13: On Time | W13: Corporate | X13: Electronics | Y13: High | Z13: 3.9 | AA13: =(K13/H13) -> 11 | AB13: =IF(U13>0,"Yes","No") -> No | AC13: =IF(U13=0,"Efficient","Needs Improvement") -> Efficient
... A501: SHP1500 | B501: 46123 | C501: 46124 | D501: 46127 | E501: Chennai | F501: Bangalore | G501: Chennai-Bangalore | H501: 401 | I501: Truck | J501: 2 | K501: 3208 | L501: 5 | M501: D135 | N501: 4 | O501: 3.7 | P501: Fog | Q501: Medium | R501: Average | S501: 1 | T501: 3 | U501: 2 | V501: Delayed | W501: Corporate | X501: Machinery | Y501: Low | Z501: 5 | AA501: =(K501/H501) -> 8 | AB501: =IF(U501>0,"Yes","No") -> Yes | AC501: =IF(U501=0,"Efficient","Needs Improvement") -> Needs Improvement

Sheet KPI_Dashboard
A1: Logistics KPI Dashboard
A3: Total Shipment | B3: =COUNTA('Cleaned Data'!A2:A501) -> 500
A4: Delayed Shipment | B4: =COUNTIF('Cleaned Data'!V2:V501,"Delayed") -> 355
A5: On-Time Shipment | B5: =COUNTIF('Cleaned Data'!V2:V501,"On Time") -> 145
A6: Delay Percentage | B6: =(B4/B3) -> 0.71
A7: Average Fuel Cost | B7: =AVERAGE('Cleaned Data'!K2:K501) -> 8860.752
A8: Average Delivery Days | B8: =AVERAGE('Cleaned Data'!T2:T501) -> 3.314
A9: Average Distance | B9: =AVERAGE('Cleaned Data'!H2:H501) -> 1020.658
A10: Highest Fuel Cost | B10: =MAX('Cleaned Data'!K2:K501) -> 20544
A11: Lowest Fuel Cost | B11: =MIN('Cleaned Data'!K2:K501) -> 1428
A12: Average Driver Rating | B12: =AVERAGE('Cleaned Data'!O2:O501) -> 4.0396

Sheet Route Analysis
A1: Route Analysis
A3: Row Labels | B3: Average of Delay_Days
A4: Ahmedabad-Jaipur | B4: 1.5777778
A5: Bhopal-Pune | B5: 1.3382353
A6: Chennai-Bangalore | B6: 1.4393939
A7: Delhi-Mumbai | B7: 1.6024096
A8: Indore-Hyderabad | B8: 1.2857143
A9: Kolkata-Patna | B9: 1.5964912
A10: Lucknow-Delhi | B10: 1.483871
A11: Nagpur-Surat | B11: 1.2142857
A12: Grand Total | B12: 1.444

Sheet Weather Impact Analysis 
A1: Weather Imapct On Delivery Delays
A3: Row Labels | B3: Average of Delay_Days
A4: Fog | B4: 1.3740458
A5: Rainy | B5: 1.5862069
A6: Storm | B6: 1.5882353
A7: Sunny | B7: 1.2136752
A8: Grand Total | B8: 1.444

Sheet Vehicle Performance Analysis
A1: Vehicle Performance Analysis
A3: Row Labels | B3: Average of Delay_Days
A4: Container | B4: 1.5606061
A5: Mini Truck | B5: 1.4159292
A6: Truck | B6: 1.2786885
A7: Van | B7: 1.5037594
A8: Grand Total | B8: 1.444

Sheet Driver Performance Analysis
A1: Driver Performance Analysis
A3: Row Labels | B3: Average of Driver_Rating | C3: Average of Delay_Days
A4: D101 | B4: 3.875 | C4: 1.75
A5: D102 | B5: 4.0555556 | C5: 1
A6: D103 | B6: 4.1333333 | C6: 1.8333333
A7: D104 | B7: 3.8846154 | C7: 1.6153846
A8: D105 | B8: 4.36 | C8: 1.4
A9: D106 | B9: 3.9083333 | C9: 1.1666667
A10: D107 | B10: 4.1142857 | C10: 1.7142857
A11: D108 | B11: 4 | C11: 1.7142857
A12: D109 | B12: 4.24 | C12: 1.1
A13: D110 | B13: 3.9933333 | C13: 1.5333333
A14: D111 | B14: 4 | C14: 1.2
A15: D112 | B15: 3.82 | C15: 1.9
... A54: Grand Total | B54: 4.0396 | C54: 1.444

Sheet Sheet1
